nb_jours_total,nb_suivis,regularite,score_moyen,score_debut,score_fin,progression,std_score,abandon
30,3,0.1,2.84,3.13,2.55,-0.58,0.42,0
30,23,0.77,7.93,7.46,8.41,0.95,0.87,1
14,3,0.21,5.48,5.53,5.43,-0.1,0.07,0
30,13,0.43,3.99,4.1,3.88,-0.22,0.29,1
14,11,0.79,5.51,5.11,5.91,0.79,0.57,0
14,1,0.07,4.54,4.9,4.18,-0.72,0.6,1
14,11,0.79,5.77,5.3,6.24,0.95,1.35,1
21,20,0.95,6.36,6.09,6.64,0.54,0.59,0
14,10,0.71,4.46,4.14,4.78,0.64,0.37,0
14,6,0.43,4.25,4.39,4.11,-0.28,0.24,1
14,10,0.71,4.33,4.33,4.33,-0.01,0.01,0
14,8,0.57,6.89,6.65,7.13,0.48,0.42,0
30,22,0.73,5.93,5.78,6.07,0.28,0.38,0
14,13,0.93,3.68,3.16,4.2,1.04,0.8,0
30,28,0.93,7.17,6.59,7.74,1.15,1.15,0
30,14,0.47,3.86,3.71,4.01,0.29,0.37,0
30,18,0.6,5.2,5.14,5.26,0.12,0.1,0
14,8,0.57,5.41,5.47,5.35,-0.11,0.15,1
14,12,0.86,6.71,6.4,7.02,0.62,0.55,0
21,16,0.76,4.49,4.26,4.73,0.47,0.68,0
14,10,0.71,7.51,7.42,7.6,0.18,0.23,0
21,13,0.62,4.16,3.79,4.53,0.73,0.9,0
30,24,0.8,3.99,3.89,4.08,0.19,0.26,0
30,16,0.53,6.25,6.04,6.46,0.41,0.52,0
30,29,0.97,3.56,3.0,4.11,1.11,0.58,0
21,7,0.33,2.93,3.29,2.58,-0.71,1.03,1
21,2,0.1,7.47,7.89,7.05,-0.84,0.53,0
30,5,0.17,3.81,4.33,3.29,-1.04,0.96,1
30,24,0.8,7.1,6.65,7.55,0.9,0.73,0
30,11,0.37,5.05,5.19,4.91,-0.28,0.18,1
21,0,0.0,5.58,5.94,5.21,-0.73,0.53,1
30,1,0.03,3.48,4.14,2.81,-1.34,1.82,1
14,4,0.29,6.27,6.34,6.2,-0.14,0.09,0
30,18,0.6,5.32,5.36,5.28,-0.08,0.11,1
14,10,0.71,5.41,5.16,5.66,0.5,0.49,0
30,20,0.67,8.29,7.92,8.66,0.73,0.66,0
14,3,0.21,3.65,3.96,3.35,-0.61,0.39,1
21,7,0.33,7.42,7.37,7.46,0.09,0.12,0
14,0,0.0,5.74,6.26,5.22,-1.04,0.54,1
14,2,0.14,4.68,5.03,4.34,-0.7,0.95,0
14,6,0.43,2.99,3.01,2.98,-0.03,0.05,0
21,13,0.62,6.49,6.48,6.49,0.01,0.01,0
21,4,0.19,3.78,3.95,3.61,-0.34,0.19,0
14,11,0.79,5.08,4.57,5.59,1.02,1.0,0
30,5,0.17,2.95,3.28,2.61,-0.67,0.91,1
14,10,0.71,7.57,7.31,7.83,0.52,0.76,0
30,19,0.63,3.54,3.2,3.88,0.68,0.79,0
21,8,0.38,3.79,4.02,3.57,-0.45,0.34,1
30,20,0.67,4.76,4.5,5.02,0.52,0.65,1
21,19,0.9,8.15,7.99,8.31,0.31,0.18,0
21,4,0.19,7.17,7.67,6.67,-1.0,1.38,1
14,7,0.5,7.07,7.17,6.97,-0.2,0.23,0
30,16,0.53,2.91,3.04,2.79,-0.25,0.2,0
14,4,0.29,3.56,3.58,3.54,-0.04,0.04,1
30,6,0.2,6.44,6.59,6.28,-0.3,0.34,1
21,8,0.38,7.23,7.53,6.94,-0.58,0.35,1
21,1,0.05,2.43,3.02,1.84,-1.18,1.34,1
30,14,0.47,5.76,5.76,5.76,0.01,0.0,1
30,28,0.93,4.41,3.75,5.08,1.33,1.16,0
21,4,0.19,2.97,3.21,2.73,-0.48,0.69,0
14,14,1.0,5.2,4.79,5.61,0.82,0.95,0
30,28,0.93,7.57,7.37,7.77,0.39,0.49,0
14,13,0.93,4.09,3.81,4.37,0.56,0.38,0
14,11,0.79,7.77,7.62,7.91,0.29,0.26,0
30,25,0.83,4.74,4.24,5.25,1.01,1.21,0
14,13,0.93,5.93,5.35,6.51,1.16,1.64,0
14,3,0.21,2.99,3.12,2.85,-0.26,0.22,0
21,11,0.52,6.28,6.21,6.36,0.15,0.22,0
14,1,0.07,7.08,7.39,6.77,-0.62,0.67,0
14,1,0.07,5.63,5.98,5.28,-0.7,0.9,1
30,3,0.1,4.49,4.93,4.05,-0.88,0.66,0
14,8,0.57,7.68,7.63,7.73,0.1,0.13,0
30,6,0.2,4.74,4.82,4.65,-0.17,0.2,1
21,21,1.0,7.63,7.24,8.02,0.78,0.62,0
21,10,0.48,5.09,5.01,5.17,0.16,0.1,0
21,21,1.0,7.4,6.74,8.07,1.33,1.42,0
14,4,0.29,4.26,4.43,4.08,-0.36,0.39,0
21,14,0.67,5.52,5.21,5.83,0.62,0.6,0
30,5,0.17,6.07,6.29,5.84,-0.45,0.52,0
14,13,0.93,8.32,7.76,8.88,1.12,0.91,0
14,0,0.0,2.49,3.23,1.75,-1.48,1.65,1
21,13,0.62,7.51,7.43,7.59,0.16,0.2,0
21,7,0.33,3.48,3.74,3.22,-0.52,0.73,0
14,12,0.86,5.64,5.13,6.16,1.04,1.51,0
14,8,0.57,4.14,4.25,4.04,-0.21,0.2,0
30,16,0.53,7.93,7.94,7.91,-0.03,0.04,0
30,26,0.87,6.96,6.6,7.32,0.73,0.97,0
14,11,0.79,7.62,7.31,7.93,0.62,0.78,0
21,16,0.76,5.82,5.42,6.21,0.78,0.74,0
14,4,0.29,4.27,4.68,3.86,-0.82,0.48,1
21,4,0.19,6.44,6.53,6.35,-0.18,0.17,0
21,1,0.05,3.62,4.03,3.21,-0.82,1.16,1
30,0,0.0,6.65,7.28,6.02,-1.27,1.11,1
21,9,0.43,6.52,6.77,6.27,-0.5,0.72,0
30,23,0.77,5.95,5.73,6.16,0.43,0.31,0
21,15,0.71,3.44,3.15,3.74,0.59,0.7,0
14,13,0.93,5.95,5.34,6.57,1.23,1.38,1
21,18,0.86,6.42,5.82,7.01,1.19,1.36,0
21,5,0.24,3.05,3.25,2.85,-0.4,0.29,1
21,8,0.38,6.48,6.76,6.19,-0.57,0.43,1
14,11,0.79,5.73,5.7,5.77,0.07,0.06,0
30,1,0.03,6.08,6.77,5.39,-1.38,0.97,1
14,3,0.21,3.26,3.63,2.89,-0.74,0.79,1
30,8,0.27,6.77,6.83,6.7,-0.13,0.15,0
14,12,0.86,7.22,7.1,7.35,0.25,0.15,1
21,18,0.86,6.51,6.39,6.64,0.26,0.23,0
14,9,0.64,6.53,6.45,6.61,0.16,0.1,0
30,19,0.63,7.01,7.03,7.0,-0.03,0.03,1
30,13,0.43,6.46,6.31,6.61,0.3,0.34,1
21,15,0.71,3.51,3.53,3.5,-0.03,0.04,0
30,4,0.13,4.69,5.18,4.21,-0.97,1.42,1
30,24,0.8,5.75,5.42,6.08,0.66,0.82,0
14,13,0.93,8.21,7.67,8.75,1.08,1.03,0
30,19,0.63,6.56,6.34,6.77,0.43,0.43,0
21,6,0.29,4.68,4.77,4.59,-0.19,0.15,0
21,17,0.81,3.14,3.05,3.22,0.17,0.1,0
21,17,0.81,7.01,6.79,7.22,0.43,0.49,0
14,1,0.07,4.09,4.47,3.71,-0.76,0.57,0
21,15,0.71,6.06,5.77,6.35,0.58,0.88,0
21,14,0.67,4.65,4.35,4.94,0.58,0.36,1
14,11,0.79,5.83,5.68,5.99,0.31,0.21,0
21,8,0.38,6.27,6.62,5.91,-0.71,0.73,1
14,13,0.93,4.54,3.97,5.1,1.13,0.77,1
30,4,0.13,3.77,4.37,3.16,-1.21,1.27,0
14,10,0.71,7.56,7.34,7.78,0.44,0.6,0
21,15,0.71,5.57,5.2,5.95,0.74,0.41,0
21,3,0.14,6.8,7.11,6.5,-0.61,0.35,0
14,2,0.14,3.36,3.75,2.97,-0.78,0.62,0
14,8,0.57,6.84,6.82,6.86,0.04,0.05,1
30,12,0.4,5.18,5.25,5.11,-0.14,0.19,0
21,18,0.86,6.41,6.11,6.71,0.6,0.75,0
14,10,0.71,4.19,4.06,4.32,0.27,0.18,0
14,2,0.14,2.68,3.01,2.35,-0.66,0.73,1
14,4,0.29,6.22,6.53,5.9,-0.63,0.6,0
21,20,0.95,6.25,5.95,6.55,0.6,0.42,0
14,10,0.71,4.08,3.74,4.41,0.66,0.43,1
21,19,0.9,7.11,6.74,7.49,0.74,0.58,0
30,9,0.3,6.08,6.5,5.66,-0.84,0.84,1
14,9,0.64,3.38,3.2,3.55,0.35,0.29,0
14,3,0.21,7.36,7.81,6.9,-0.91,0.98,0
30,26,0.87,4.94,4.35,5.54,1.19,1.5,0
30,14,0.47,7.71,7.58,7.83,0.25,0.27,0
21,2,0.1,4.99,5.35,4.63,-0.72,0.59,1
14,5,0.36,4.92,5.06,4.78,-0.28,0.33,1
30,1,0.03,4.9,5.27,4.53,-0.75,0.62,0
21,16,0.76,7.64,7.12,8.15,1.02,1.4,0
14,3,0.21,5.25,5.59,4.9,-0.69,0.69,1
14,3,0.21,4.23,4.34,4.13,-0.2,0.16,0
21,3,0.14,2.72,3.14,2.3,-0.84,1.1,0
21,17,0.81,3.42,3.07,3.78,0.71,0.52,0
14,7,0.5,7.66,7.74,7.59,-0.15,0.1,0
21,16,0.76,6.83,6.53,7.14,0.61,0.6,0
21,17,0.81,4.19,3.72,4.65,0.93,1.02,0
14,13,0.93,3.64,3.35,3.93,0.58,0.79,0
30,8,0.27,6.98,7.1,6.85,-0.25,0.2,0
30,15,0.5,7.35,7.33,7.38,0.05,0.05,0
30,12,0.4,5.27,5.28,5.25,-0.02,0.01,0
30,12,0.4,3.93,4.17,3.69,-0.48,0.26,0
30,29,0.97,7.58,7.06,8.1,1.05,1.22,0
14,7,0.5,8.01,7.82,8.2,0.37,0.55,0
14,13,0.93,7.85,7.23,8.48,1.26,1.77,1
14,6,0.43,7.05,7.35,6.74,-0.61,0.35,0
21,10,0.48,6.14,6.12,6.17,0.05,0.03,0
30,27,0.9,5.84,5.67,6.01,0.35,0.39,0
21,17,0.81,3.7,3.18,4.23,1.05,1.19,0
14,11,0.79,3.5,3.45,3.54,0.09,0.12,0
14,7,0.5,3.93,3.83,4.03,0.2,0.11,0
14,4,0.29,4.61,4.79,4.43,-0.36,0.27,1
30,25,0.83,4.4,3.9,4.89,0.99,1.1,0
30,7,0.23,5.18,5.49,4.87,-0.62,0.45,0
21,8,0.38,6.02,6.33,5.7,-0.64,0.61,1
30,5,0.17,2.81,3.37,2.26,-1.11,1.65,1
21,8,0.38,5.26,5.28,5.24,-0.04,0.06,0
14,3,0.21,4.69,4.91,4.48,-0.43,0.34,0
14,13,0.93,6.83,6.29,7.37,1.08,1.15,0
30,1,0.03,6.96,7.55,6.37,-1.18,1.57,0
14,9,0.64,7.29,7.01,7.58,0.57,0.39,0
30,24,0.8,6.43,6.3,6.56,0.26,0.3,0
30,1,0.03,4.11,4.54,3.67,-0.87,0.94,0
14,14,1.0,4.85,4.48,5.23,0.75,0.51,0
30,28,0.93,8.28,7.86,8.69,0.84,1.18,0
21,15,0.71,8.15,7.84,8.47,0.63,0.87,0
21,2,0.1,3.07,3.7,2.43,-1.28,1.74,0
21,17,0.81,4.99,4.83,5.16,0.33,0.17,0
21,11,0.52,6.3,6.36,6.24,-0.12,0.14,0
21,3,0.14,6.03,6.37,5.69,-0.69,0.77,0
21,19,0.9,4.73,4.11,5.35,1.25,1.65,0
21,20,0.95,5.67,5.04,6.31,1.26,1.83,0
21,3,0.14,2.94,3.49,2.38,-1.1,0.7,1
30,30,1.0,6.99,6.72,7.27,0.55,0.51,0
14,14,1.0,5.77,5.07,6.48,1.4,1.39,0
21,1,0.05,6.14,6.45,5.83,-0.62,0.59,1
21,3,0.14,7.61,7.9,7.32,-0.58,0.82,0
14,6,0.43,4.07,4.38,3.77,-0.61,0.89,0
14,10,0.71,4.21,4.06,4.35,0.29,0.43,1
21,7,0.33,7.63,7.94,7.32,-0.62,0.44,0
30,6,0.2,5.48,5.93,5.02,-0.91,0.67,0
30,0,0.0,3.64,4.39,2.9,-1.48,2.21,1
14,1,0.07,6.11,6.31,5.92,-0.38,0.2,0
14,9,0.64,4.92,4.62,5.23,0.61,0.34,0
30,3,0.1,6.34,6.73,5.95,-0.78,0.99,1
14,7,0.5,5.3,5.52,5.07,-0.45,0.24,0
30,16,0.53,4.47,4.51,4.43,-0.08,0.04,0
21,13,0.62,6.55,6.43,6.68,0.25,0.35,1
14,5,0.36,6.12,6.04,6.19,0.15,0.12,0
30,22,0.73,4.61,4.63,4.6,-0.03,0.03,0
30,13,0.43,3.33,3.5,3.16,-0.34,0.45,0
30,23,0.77,7.63,7.33,7.93,0.6,0.84,0
21,12,0.57,5.35,5.08,5.63,0.55,0.51,0
21,4,0.19,6.14,6.43,5.84,-0.59,0.35,1
21,3,0.14,6.43,6.72,6.14,-0.59,0.37,1
30,17,0.57,4.9,4.65,5.16,0.51,0.44,0
21,1,0.05,7.34,7.84,6.84,-1.01,0.86,1
14,2,0.14,6.06,6.28,5.85,-0.44,0.27,0
21,3,0.14,6.42,6.81,6.02,-0.79,1.03,0
30,19,0.63,6.48,6.37,6.58,0.21,0.23,0
30,8,0.27,3.02,3.14,2.9,-0.24,0.3,0
21,0,0.0,3.59,3.91,3.26,-0.64,0.74,1
30,20,0.67,8.23,7.86,8.6,0.74,0.76,0
21,10,0.48,3.86,3.79,3.93,0.14,0.12,0
30,2,0.07,7.16,7.42,6.89,-0.52,0.66,1
14,4,0.29,5.04,5.22,4.86,-0.35,0.39,1
14,12,0.86,6.0,5.56,6.43,0.87,0.53,0
30,15,0.5,5.73,5.63,5.83,0.19,0.14,0
14,0,0.0,3.3,4.02,2.58,-1.45,1.83,1
21,10,0.48,3.58,3.6,3.55,-0.05,0.04,1
30,22,0.73,4.35,4.15,4.56,0.41,0.48,0
21,1,0.05,4.75,5.18,4.32,-0.86,0.5,1
21,18,0.86,5.31,5.02,5.6,0.57,0.45,0
21,5,0.24,6.69,7.01,6.36,-0.64,0.86,0
14,6,0.43,7.28,7.22,7.34,0.11,0.12,0
21,9,0.43,6.8,6.73,6.86,0.14,0.17,1
30,3,0.1,5.41,5.65,5.16,-0.49,0.63,1
30,26,0.87,4.3,3.74,4.87,1.13,0.85,0
14,12,0.86,7.37,6.8,7.93,1.14,1.65,0
21,18,0.86,7.18,6.8,7.56,0.77,1.09,0
30,19,0.63,4.51,4.62,4.41,-0.2,0.17,0
21,14,0.67,6.18,6.16,6.19,0.04,0.04,0
14,4,0.29,5.33,5.31,5.34,0.03,0.03,1
30,27,0.9,8.49,7.89,9.1,1.21,1.32,0
30,17,0.57,7.72,7.77,7.67,-0.11,0.06,0
30,20,0.67,4.06,3.94,4.17,0.23,0.23,0
21,3,0.14,6.53,7.05,6.0,-1.05,1.56,1
30,5,0.17,2.76,3.2,2.32,-0.87,1.3,1
30,5,0.17,4.28,4.82,3.73,-1.08,0.96,0
30,19,0.63,3.33,3.26,3.4,0.14,0.11,0
30,21,0.7,5.26,4.93,5.58,0.65,0.88,0
30,27,0.9,4.36,3.75,4.97,1.22,1.42,0
21,20,0.95,7.0,6.49,7.51,1.01,1.11,0
21,17,0.81,5.05,4.88,5.21,0.33,0.43,0
30,21,0.7,7.97,7.56,8.37,0.81,0.94,0
14,5,0.36,4.18,4.54,3.81,-0.74,0.62,0
14,3,0.21,7.89,8.0,7.77,-0.23,0.18,0
30,24,0.8,5.88,5.7,6.06,0.36,0.37,0
30,4,0.13,5.79,5.99,5.6,-0.39,0.26,0
30,25,0.83,7.74,7.51,7.96,0.45,0.24,0
30,7,0.23,7.53,7.85,7.2,-0.64,0.81,0
14,8,0.57,4.03,4.2,3.87,-0.32,0.41,0
14,5,0.36,6.21,6.39,6.04,-0.36,0.33,0
21,16,0.76,5.67,5.64,5.69,0.06,0.08,0
14,13,0.93,4.61,4.25,4.97,0.72,0.98,0
14,11,0.79,7.34,7.23,7.45,0.22,0.17,0
21,14,0.67,7.87,7.53,8.21,0.69,0.64,0
14,13,0.93,5.76,5.26,6.26,1.01,0.53,0
30,11,0.37,3.8,4.18,3.42,-0.76,0.67,1
14,13,0.93,7.08,6.57,7.6,1.02,0.66,1
21,4,0.19,6.5,6.79,6.21,-0.59,0.66,0
14,4,0.29,4.04,4.08,4.0,-0.08,0.11,0
21,3,0.14,6.65,6.88,6.43,-0.45,0.28,1
30,25,0.83,6.67,6.11,7.22,1.1,1.48,0
30,0,0.0,5.62,6.16,5.08,-1.08,1.31,1
14,9,0.64,4.87,4.76,4.98,0.22,0.15,0
30,11,0.37,3.19,3.34,3.05,-0.29,0.29,0
30,0,0.0,4.47,4.95,3.98,-0.97,1.1,0
21,0,0.0,4.5,4.79,4.22,-0.57,0.42,1
14,12,0.86,6.14,5.91,6.37,0.46,0.29,0
21,20,0.95,4.19,3.88,4.5,0.63,0.6,0
30,5,0.17,6.94,7.06,6.83,-0.23,0.29,1
21,6,0.29,3.16,3.22,3.09,-0.13,0.07,0
30,12,0.4,7.82,7.95,7.7,-0.24,0.18,0
14,4,0.29,4.43,4.78,4.08,-0.71,0.97,1
14,12,0.86,5.0,4.84,5.16,0.32,0.4,0
21,10,0.48,7.85,7.87,7.82,-0.04,0.04,0
30,8,0.27,6.66,7.01,6.31,-0.69,0.4,0
14,8,0.57,4.74,4.47,5.01,0.54,0.45,0
21,19,0.9,7.16,6.59,7.73,1.14,1.08,0
30,27,0.9,7.9,7.56,8.24,0.69,0.64,0
14,1,0.07,5.97,6.36,5.59,-0.76,0.77,0
14,0,0.0,3.16,3.71,2.61,-1.11,1.42,1
14,3,0.21,6.67,6.89,6.45,-0.44,0.39,0
30,4,0.13,5.8,6.4,5.21,-1.18,1.03,0
30,4,0.13,5.33,5.65,5.02,-0.63,0.73,1
14,0,0.0,6.18,6.68,5.68,-1.0,0.89,1
21,8,0.38,6.54,6.52,6.57,0.05,0.05,0
21,6,0.29,3.22,3.61,2.83,-0.78,0.74,0
21,2,0.1,6.41,7.05,5.78,-1.28,1.9,1
30,2,0.07,5.42,5.75,5.09,-0.66,0.53,1
30,29,0.97,7.13,6.5,7.76,1.26,1.08,0
14,12,0.86,3.91,3.69,4.12,0.42,0.22,0
21,14,0.67,7.16,7.02,7.3,0.28,0.31,1
21,12,0.57,7.96,8.0,7.92,-0.08,0.08,0
30,2,0.07,3.28,3.63,2.94,-0.68,0.39,1
30,11,0.37,3.34,3.64,3.05,-0.6,0.63,0
14,6,0.43,5.26,5.51,5.0,-0.51,0.68,0
21,5,0.24,3.33,3.81,2.85,-0.96,0.7,0
30,28,0.93,5.06,4.42,5.71,1.29,0.9,0
21,4,0.19,5.76,6.13,5.39,-0.73,0.44,0
30,30,1.0,6.57,5.9,7.23,1.33,1.49,0
21,18,0.86,3.38,3.21,3.56,0.35,0.2,0
30,8,0.27,5.89,6.26,5.52,-0.73,0.67,0
21,20,0.95,6.11,5.73,6.49,0.76,0.61,0
30,12,0.4,4.6,4.49,4.71,0.23,0.13,0
21,14,0.67,4.13,4.02,4.25,0.23,0.18,0
30,27,0.9,5.18,4.73,5.63,0.9,1.14,0
14,5,0.36,4.25,4.21,4.3,0.09,0.09,1
14,4,0.29,7.33,7.73,6.93,-0.79,0.73,0
14,13,0.93,5.03,4.64,5.42,0.78,0.63,0
21,16,0.76,5.41,5.33,5.48,0.14,0.14,1
21,16,0.76,5.68,5.29,6.07,0.78,0.85,1
21,15,0.71,6.03,5.99,6.07,0.09,0.1,0
14,13,0.93,4.15,3.54,4.76,1.22,0.94,0
21,11,0.52,3.47,3.23,3.72,0.5,0.53,0
21,2,0.1,4.55,4.93,4.17,-0.76,0.8,0
30,21,0.7,6.44,6.06,6.83,0.77,0.46,0
21,17,0.81,7.88,7.69,8.06,0.36,0.25,0
30,1,0.03,2.94,3.23,2.66,-0.57,0.48,1
21,4,0.19,5.71,6.03,5.4,-0.63,0.53,0
14,6,0.43,7.76,7.95,7.57,-0.38,0.31,1
30,17,0.57,5.48,5.45,5.52,0.07,0.07,1
21,21,1.0,4.09,3.55,4.63,1.08,0.88,0
30,20,0.67,3.31,3.13,3.49,0.36,0.53,0
30,18,0.6,4.46,4.14,4.79,0.65,0.64,0
30,19,0.63,7.07,6.87,7.26,0.39,0.51,0
30,30,1.0,7.16,6.5,7.81,1.31,1.23,0
21,6,0.29,4.7,5.05,4.35,-0.7,1.0,0
30,23,0.77,3.76,3.31,4.21,0.9,0.63,0
30,15,0.5,5.72,5.63,5.81,0.19,0.13,0
21,17,0.81,4.94,4.77,5.12,0.35,0.42,0
30,8,0.27,5.97,6.05,5.89,-0.16,0.12,0
14,4,0.29,6.54,6.86,6.22,-0.63,0.75,1
21,11,0.52,5.61,5.8,5.42,-0.39,0.47,1
30,21,0.7,5.72,5.72,5.72,0.0,0.0,0
14,4,0.29,2.77,3.21,2.33,-0.88,0.51,0
30,8,0.27,6.65,6.74,6.56,-0.18,0.24,1
30,22,0.73,4.79,4.36,5.22,0.86,1.06,0
14,10,0.71,7.88,7.53,8.23,0.7,0.52,1
21,15,0.71,3.58,3.5,3.66,0.16,0.08,0
14,6,0.43,6.0,6.26,5.74,-0.52,0.51,0
21,10,0.48,4.62,4.43,4.82,0.39,0.5,0
14,8,0.57,6.59,6.69,6.49,-0.21,0.11,0
21,5,0.24,7.64,7.67,7.61,-0.06,0.08,0
14,14,1.0,7.06,6.75,7.37,0.63,0.5,0
21,18,0.86,6.16,6.01,6.3,0.29,0.24,0
30,17,0.57,5.49,5.62,5.37,-0.26,0.16,0
21,6,0.29,6.91,7.04,6.78,-0.26,0.32,0
30,5,0.17,2.82,3.07,2.57,-0.5,0.4,0
14,2,0.14,5.63,6.05,5.2,-0.85,0.77,1
21,2,0.1,4.8,5.0,4.6,-0.4,0.6,1
14,0,0.0,3.94,4.3,3.57,-0.74,0.92,0
21,18,0.86,7.22,6.61,7.82,1.2,1.39,0
14,10,0.71,3.9,3.59,4.21,0.62,0.56,0
30,24,0.8,5.05,4.55,5.54,0.98,1.39,0
30,7,0.23,4.01,4.1,3.93,-0.17,0.11,0
30,11,0.37,4.92,5.08,4.76,-0.32,0.31,0
30,26,0.87,4.58,4.09,5.08,0.99,1.24,0
14,8,0.57,5.2,5.23,5.17,-0.06,0.04,0
14,13,0.93,6.16,5.74,6.59,0.85,0.91,0
21,16,0.76,5.38,5.21,5.55,0.34,0.42,0
30,14,0.47,7.03,7.04,7.02,-0.02,0.02,0
14,8,0.57,5.23,5.31,5.15,-0.16,0.2,0
14,11,0.79,4.59,4.09,5.09,1.0,0.92,0
30,1,0.03,7.42,7.67,7.17,-0.5,0.72,1
21,5,0.24,6.45,6.84,6.06,-0.79,1.17,0
21,11,0.52,8.05,7.96,8.13,0.17,0.23,0
21,2,0.1,5.93,6.41,5.44,-0.97,1.01,1
21,3,0.14,3.52,3.89,3.14,-0.75,0.77,0
14,13,0.93,3.68,3.02,4.35,1.33,1.07,0
30,13,0.43,5.43,5.66,5.2,-0.46,0.34,1
21,6,0.29,7.36,7.69,7.03,-0.65,0.4,0
21,19,0.9,7.04,6.83,7.26,0.43,0.22,0
14,9,0.64,3.26,3.17,3.36,0.19,0.23,1
30,1,0.03,4.68,5.01,4.34,-0.67,0.48,0
14,2,0.14,5.27,5.52,5.02,-0.5,0.66,0
21,18,0.86,6.26,5.99,6.53,0.54,0.44,0
14,10,0.71,5.86,5.61,6.12,0.52,0.4,0
30,28,0.93,7.27,6.68,7.87,1.19,1.4,0
14,5,0.36,7.48,7.71,7.25,-0.46,0.59,1
21,13,0.62,3.93,3.75,4.11,0.36,0.45,0
14,4,0.29,7.25,7.29,7.21,-0.07,0.07,1
21,13,0.62,6.09,5.79,6.39,0.6,0.45,1
30,2,0.07,7.0,7.61,6.4,-1.21,0.72,0
14,0,0.0,3.76,4.34,3.17,-1.17,1.29,0
14,12,0.86,7.05,6.81,7.3,0.49,0.52,0
21,9,0.43,7.96,7.79,8.13,0.34,0.49,0
14,11,0.79,8.29,8.0,8.59,0.59,0.44,0
14,6,0.43,7.48,7.58,7.38,-0.19,0.25,0
30,20,0.67,5.08,4.8,5.37,0.57,0.58,0
14,12,0.86,8.28,7.91,8.65,0.74,1.0,0
21,10,0.48,5.01,5.07,4.96,-0.11,0.08,1
21,17,0.81,7.94,7.67,8.21,0.54,0.5,0
21,7,0.33,4.57,4.9,4.23,-0.67,0.67,0
30,10,0.33,3.96,4.29,3.63,-0.65,0.96,0
21,14,0.67,3.86,3.84,3.88,0.04,0.03,0
21,5,0.24,7.3,7.58,7.02,-0.57,0.65,1
14,13,0.93,7.44,7.23,7.65,0.41,0.48,0
21,4,0.19,7.04,7.21,6.86,-0.35,0.42,1
30,14,0.47,4.77,4.87,4.68,-0.18,0.22,0
21,21,1.0,6.19,5.44,6.93,1.49,1.57,0
30,23,0.77,4.4,4.37,4.43,0.06,0.03,0
30,13,0.43,6.76,7.03,6.49,-0.54,0.33,1
14,3,0.21,3.66,3.96,3.36,-0.6,0.79,1
21,2,0.1,4.51,4.87,4.15,-0.72,0.76,0
14,4,0.29,6.03,6.42,5.64,-0.78,0.9,0
14,1,0.07,4.66,5.03,4.29,-0.73,0.72,1
30,5,0.17,2.91,3.41,2.4,-1.01,1.16,1
14,14,1.0,6.37,5.64,7.1,1.46,1.04,0
30,15,0.5,4.14,4.36,3.93,-0.42,0.5,1
30,18,0.6,6.55,6.29,6.81,0.52,0.7,1
14,9,0.64,3.7,3.72,3.69,-0.03,0.05,0
21,5,0.24,5.52,5.82,5.23,-0.59,0.8,0
30,10,0.33,4.63,4.92,4.35,-0.57,0.74,0
14,8,0.57,6.88,6.73,7.02,0.3,0.18,1
14,5,0.36,5.83,6.03,5.63,-0.4,0.44,0
21,0,0.0,5.53,6.17,4.89,-1.28,1.22,1
30,30,1.0,5.53,4.88,6.19,1.31,1.43,0
30,9,0.3,6.68,6.99,6.38,-0.61,0.36,1
30,25,0.83,6.38,6.17,6.6,0.43,0.35,0
14,4,0.29,4.88,5.22,4.53,-0.69,0.42,1
21,14,0.67,5.95,5.78,6.11,0.32,0.19,1
30,2,0.07,5.41,5.98,4.83,-1.15,1.57,1
21,12,0.57,6.85,6.9,6.81,-0.08,0.09,0
14,9,0.64,5.66,5.61,5.71,0.1,0.07,0
21,15,0.71,4.11,3.73,4.49,0.76,0.59,0
14,5,0.36,4.24,4.26,4.23,-0.03,0.04,0
14,7,0.5,3.63,3.53,3.73,0.2,0.28,0
30,12,0.4,7.01,7.02,6.99,-0.03,0.02,0
30,19,0.63,3.9,3.68,4.13,0.45,0.65,1
21,5,0.24,7.33,7.82,6.83,-0.99,0.79,0
21,18,0.86,7.35,6.91,7.8,0.89,0.69,0
21,3,0.14,7.45,7.66,7.25,-0.41,0.62,1
30,0,0.0,7.28,7.77,6.8,-0.96,1.16,1
21,2,0.1,6.54,7.09,5.99,-1.11,1.0,1
30,9,0.3,3.93,4.21,3.65,-0.56,0.68,0
14,7,0.5,7.96,7.95,7.97,0.02,0.02,0
30,13,0.43,5.51,5.72,5.29,-0.42,0.36,0
30,19,0.63,6.53,6.19,6.87,0.68,0.87,0
21,5,0.24,6.2,6.23,6.17,-0.07,0.1,0
21,10,0.48,7.84,7.83,7.85,0.02,0.01,1
30,23,0.77,5.82,5.59,6.05,0.45,0.49,0
21,14,0.67,6.98,6.86,7.11,0.24,0.24,0
14,7,0.5,3.56,3.52,3.61,0.08,0.12,1
30,4,0.13,4.45,4.74,4.17,-0.58,0.74,1
21,15,0.71,3.59,3.49,3.69,0.21,0.2,1
14,12,0.86,7.15,6.55,7.75,1.19,1.0,0
14,14,1.0,8.55,7.92,9.18,1.26,0.85,0
30,13,0.43,7.86,7.79,7.93,0.13,0.12,1
30,21,0.7,5.6,5.16,6.03,0.87,0.97,0
30,13,0.43,4.78,4.94,4.61,-0.34,0.24,0
14,9,0.64,3.47,3.51,3.42,-0.09,0.06,0
21,3,0.14,3.77,4.31,3.23,-1.08,1.11,1
30,12,0.4,5.91,6.06,5.77,-0.29,0.24,0
30,5,0.17,6.63,7.07,6.2,-0.87,0.7,1
14,10,0.71,4.08,3.67,4.48,0.81,0.65,0
30,4,0.13,5.23,5.55,4.9,-0.65,0.42,1
14,7,0.5,6.08,6.18,5.98,-0.19,0.22,0
30,5,0.17,5.29,5.45,5.14,-0.31,0.25,1
14,13,0.93,5.47,4.8,6.14,1.35,0.86,0
30,16,0.53,6.34,6.27,6.42,0.16,0.16,0
21,15,0.71,4.02,3.84,4.2,0.36,0.47,0
14,4,0.29,4.02,4.12,3.91,-0.22,0.28,0
21,17,0.81,5.83,5.55,6.1,0.55,0.42,0
21,17,0.81,7.65,7.11,8.19,1.08,1.31,0
21,3,0.14,6.25,6.68,5.81,-0.87,0.65,0
14,7,0.5,4.13,4.31,3.95,-0.36,0.21,0
14,12,0.86,7.56,7.06,8.06,1.0,1.24,0
30,19,0.63,6.46,6.16,6.76,0.6,0.38,1
14,12,0.86,3.73,3.3,4.16,0.86,0.67,0
21,9,0.43,4.49,4.45,4.54,0.09,0.12,0
30,26,0.87,3.61,3.48,3.75,0.27,0.35,0
21,20,0.95,3.9,3.63,4.17,0.54,0.4,0
14,12,0.86,7.63,7.22,8.04,0.82,0.53,0
30,13,0.43,5.02,4.88,5.17,0.29,0.38,0
21,16,0.76,6.91,6.75,7.08,0.33,0.45,0
21,10,0.48,5.7,5.91,5.49,-0.42,0.56,1
21,20,0.95,6.84,6.32,7.37,1.05,0.59,0
14,6,0.43,7.06,7.12,6.99,-0.14,0.11,1
30,18,0.6,3.58,3.65,3.5,-0.15,0.2,0
14,0,0.0,2.86,3.5,2.21,-1.28,1.23,1
14,7,0.5,5.04,5.28,4.79,-0.49,0.46,0
14,14,1.0,6.92,6.25,7.59,1.34,1.92,0
30,11,0.37,4.18,4.25,4.11,-0.14,0.19,1
21,20,0.95,4.88,4.53,5.23,0.71,0.52,0
30,3,0.1,2.62,3.01,2.23,-0.78,0.49,1
30,14,0.47,2.92,3.05,2.78,-0.26,0.35,0
21,4,0.19,5.21,5.39,5.04,-0.35,0.21,0
14,5,0.36,4.8,4.84,4.75,-0.08,0.08,0
14,10,0.71,8.36,7.96,8.75,0.79,0.81,1
30,5,0.17,4.76,5.2,4.31,-0.89,1.0,1
21,19,0.9,6.66,6.43,6.88,0.45,0.26,0
14,9,0.64,6.87,6.65,7.08,0.43,0.4,0
14,4,0.29,6.13,6.22,6.05,-0.18,0.19,0
21,0,0.0,6.66,7.24,6.08,-1.16,0.93,1
30,6,0.2,6.54,6.74,6.34,-0.4,0.22,0
14,7,0.5,5.06,4.93,5.19,0.26,0.29,1
14,5,0.36,7.71,7.67,7.75,0.08,0.11,0
21,17,0.81,6.59,6.41,6.77,0.36,0.52,0
14,9,0.64,3.6,3.34,3.86,0.52,0.28,1
21,16,0.76,4.59,4.43,4.74,0.31,0.39,0
21,2,0.1,5.78,6.2,5.36,-0.85,0.55,1
14,8,0.57,7.44,7.6,7.27,-0.33,0.22,0
30,20,0.67,6.91,6.82,7.0,0.18,0.21,0
21,7,0.33,3.33,3.29,3.37,0.08,0.08,0
30,1,0.03,3.96,4.55,3.37,-1.18,1.46,1
30,4,0.13,6.31,6.51,6.11,-0.4,0.58,1
30,8,0.27,3.79,3.83,3.74,-0.09,0.12,1
14,12,0.86,7.94,7.5,8.38,0.88,0.82,0
21,18,0.86,6.5,6.14,6.86,0.72,0.73,1
30,5,0.17,4.63,4.84,4.42,-0.42,0.25,0
30,3,0.1,3.74,4.14,3.33,-0.81,0.44,0
14,0,0.0,4.92,5.36,4.48,-0.88,0.57,0
14,8,0.57,6.98,7.02,6.94,-0.07,0.08,1
14,6,0.43,7.6,7.58,7.62,0.04,0.05,0
14,8,0.57,6.66,6.37,6.96,0.59,0.43,0
14,6,0.43,3.29,3.34,3.24,-0.11,0.08,0
21,2,0.1,5.61,5.77,5.45,-0.32,0.22,1
21,19,0.9,4.68,4.21,5.15,0.94,1.39,0
14,11,0.79,7.66,7.5,7.81,0.31,0.23,1
21,0,0.0,3.74,4.16,3.32,-0.85,1.13,0
21,0,0.0,6.36,6.79,5.92,-0.88,1.08,1
14,8,0.57,8.03,7.92,8.14,0.22,0.33,0
14,11,0.79,4.91,4.4,5.43,1.03,0.75,0
21,11,0.52,5.19,5.29,5.09,-0.2,0.22,0
30,26,0.87,5.29,4.97,5.61,0.64,0.36,0
14,3,0.21,4.0,4.46,3.54,-0.92,1.32,1
30,10,0.33,4.54,4.59,4.48,-0.11,0.06,1
30,3,0.1,3.54,3.78,3.31,-0.46,0.45,1
30,11,0.37,7.84,7.82,7.85,0.03,0.02,1
14,1,0.07,3.27,3.79,2.74,-1.04,1.38,0
14,3,0.21,6.98,7.18,6.78,-0.4,0.24,1
21,12,0.57,5.55,5.57,5.53,-0.03,0.03,0
14,6,0.43,7.17,7.27,7.07,-0.2,0.21,1
14,12,0.86,7.52,6.97,8.06,1.09,0.61,0
14,2,0.14,3.68,3.99,3.38,-0.61,0.73,0
14,9,0.64,5.86,5.93,5.8,-0.13,0.08,0
14,14,1.0,6.58,6.23,6.92,0.69,0.41,0
21,3,0.14,2.88,3.21,2.54,-0.68,0.45,1
30,12,0.4,5.44,5.48,5.4,-0.08,0.08,1
14,4,0.29,3.99,4.4,3.59,-0.81,0.43,0
14,10,0.71,4.73,4.48,4.99,0.52,0.54,1
21,12,0.57,3.91,3.69,4.13,0.44,0.61,0
30,25,0.83,6.29,5.72,6.87,1.15,1.01,0
21,17,0.81,7.29,6.91,7.68,0.78,0.83,0
21,5,0.24,2.82,3.13,2.51,-0.62,0.33,0
21,1,0.05,6.61,7.04,6.17,-0.88,0.75,1
14,2,0.14,3.07,3.5,2.63,-0.87,0.67,0
30,1,0.03,6.13,6.82,5.44,-1.38,1.49,0
21,11,0.52,7.45,7.68,7.23,-0.44,0.3,1
21,11,0.52,7.83,7.57,8.09,0.52,0.62,0
30,4,0.13,5.6,5.82,5.39,-0.42,0.63,0
21,17,0.81,4.86,4.55,5.17,0.63,0.37,0
14,0,0.0,5.38,5.63,5.13,-0.5,0.71,1
14,5,0.36,6.23,6.58,5.88,-0.7,0.95,1
14,2,0.14,5.37,5.93,4.8,-1.13,1.44,0
21,2,0.1,4.24,4.87,3.62,-1.25,1.12,1
21,10,0.48,3.83,3.68,3.98,0.29,0.43,0
21,20,0.95,4.94,4.59,5.28,0.7,0.74,0
30,25,0.83,5.03,4.78,5.29,0.5,0.66,0
30,22,0.73,4.87,4.47,5.26,0.79,0.4,0
30,12,0.4,7.02,7.25,6.78,-0.47,0.5,1
21,19,0.9,4.48,4.1,4.85,0.74,1.07,0
30,2,0.07,3.52,4.19,2.84,-1.35,0.9,0
14,13,0.93,6.9,6.54,7.26,0.72,1.0,0
21,6,0.29,4.25,4.25,4.25,0.0,0.0,1
14,0,0.0,4.31,4.93,3.7,-1.23,1.81,0
21,12,0.57,4.89,4.76,5.02,0.27,0.36,0
30,20,0.67,7.1,6.79,7.4,0.61,0.58,0
14,4,0.29,3.01,3.1,2.91,-0.19,0.11,1
21,5,0.24,6.37,6.66,6.09,-0.57,0.8,1
30,19,0.63,7.5,7.47,7.53,0.06,0.06,0
30,28,0.93,5.83,5.17,6.48,1.31,1.09,0
21,17,0.81,6.8,6.61,7.0,0.39,0.3,0
14,1,0.07,2.78,3.25,2.32,-0.93,1.24,1
21,0,0.0,4.74,5.14,4.34,-0.79,0.92,1
14,1,0.07,2.86,3.13,2.6,-0.53,0.42,1
14,4,0.29,6.72,6.92,6.52,-0.4,0.56,1
30,17,0.57,5.07,4.94,5.2,0.26,0.23,1
14,4,0.29,5.1,5.2,5.01,-0.19,0.26,0
14,12,0.86,7.04,6.48,7.6,1.12,1.31,0
21,18,0.86,4.71,4.14,5.29,1.15,1.02,0
30,21,0.7,7.55,7.33,7.76,0.43,0.59,0
14,6,0.43,7.34,7.51,7.16,-0.36,0.36,0
30,21,0.7,8.29,7.91,8.67,0.75,1.09,0
14,3,0.21,6.94,7.04,6.84,-0.2,0.18,0
21,6,0.29,7.71,7.99,7.43,-0.56,0.74,1
30,29,0.97,7.71,7.04,8.38,1.35,1.42,0
21,16,0.76,5.37,5.29,5.44,0.15,0.19,0
30,25,0.83,5.47,5.1,5.85,0.75,0.49,0
14,14,1.0,3.89,3.53,4.25,0.72,0.93,0
21,13,0.62,4.36,4.32,4.4,0.08,0.09,0
14,4,0.29,4.74,5.01,4.47,-0.55,0.65,1
21,10,0.48,6.65,6.45,6.86,0.4,0.39,1
21,0,0.0,4.04,4.69,3.4,-1.29,1.05,0
30,21,0.7,3.51,3.49,3.52,0.03,0.02,0
21,10,0.48,4.36,4.35,4.38,0.04,0.04,1
14,14,1.0,7.5,7.12,7.88,0.76,0.96,0
14,8,0.57,7.25,6.96,7.53,0.58,0.7,0
30,28,0.93,6.44,5.84,7.04,1.19,1.64,0
14,3,0.21,3.1,3.17,3.04,-0.12,0.1,1
21,14,0.67,5.62,5.53,5.72,0.2,0.12,1
21,15,0.71,6.35,5.97,6.72,0.75,1.03,0
21,11,0.52,3.64,3.82,3.47,-0.35,0.43,0
21,0,0.0,4.6,4.93,4.27,-0.66,0.71,0
14,10,0.71,4.49,4.13,4.85,0.72,0.83,0
30,0,0.0,5.05,5.37,4.74,-0.63,0.43,0
14,4,0.29,5.61,6.04,5.17,-0.87,1.06,0
21,13,0.62,7.42,7.48,7.36,-0.11,0.11,1
21,21,1.0,6.04,5.6,6.48,0.88,0.95,0
30,30,1.0,7.78,7.22,8.34,1.13,1.29,0
21,21,1.0,4.26,3.54,4.98,1.44,2.14,0
21,8,0.38,5.94,6.28,5.59,-0.69,0.79,1
30,24,0.8,4.72,4.2,5.24,1.04,1.42,0
21,21,1.0,5.28,4.6,5.96,1.36,0.71,0
21,8,0.38,7.46,7.53,7.39,-0.14,0.18,0
30,26,0.87,4.2,3.95,4.46,0.51,0.37,0
21,21,1.0,5.39,4.79,5.99,1.2,0.8,0
30,5,0.17,4.15,4.47,3.83,-0.64,0.79,0
30,24,0.8,7.64,7.56,7.72,0.15,0.21,0
14,5,0.36,3.79,4.12,3.46,-0.66,0.6,0
21,8,0.38,5.83,5.93,5.73,-0.2,0.12,1
30,18,0.6,5.94,5.9,5.98,0.08,0.08,1
14,13,0.93,6.82,6.4,7.23,0.83,0.76,0
14,2,0.14,7.68,7.96,7.4,-0.56,0.83,0
21,4,0.19,4.16,4.58,3.75,-0.83,1.07,1
30,5,0.17,4.45,4.57,4.34,-0.22,0.21,1
14,9,0.64,6.97,6.82,7.12,0.3,0.37,1
30,13,0.43,6.15,6.17,6.13,-0.04,0.05,0
14,8,0.57,4.13,4.0,4.27,0.27,0.14,0
30,6,0.2,3.04,3.09,2.99,-0.1,0.13,1
21,9,0.43,3.63,3.64,3.62,-0.03,0.03,1
14,4,0.29,7.55,7.74,7.36,-0.38,0.39,0
21,21,1.0,8.56,7.98,9.13,1.16,1.62,0
14,2,0.14,7.17,7.74,6.61,-1.13,1.02,1
30,4,0.13,3.93,4.06,3.8,-0.26,0.26,1
30,20,0.67,7.19,6.96,7.42,0.46,0.52,0
30,1,0.03,5.73,5.97,5.49,-0.48,0.29,0
14,11,0.79,3.89,3.58,4.21,0.63,0.39,0
30,4,0.13,3.57,4.03,3.11,-0.92,0.47,1
14,10,0.71,5.75,5.6,5.91,0.31,0.37,0
14,8,0.57,6.86,6.59,7.12,0.53,0.32,1
14,9,0.64,4.26,4.0,4.52,0.52,0.53,1
30,13,0.43,4.64,4.48,4.8,0.33,0.33,1
21,10,0.48,4.39,4.17,4.61,0.44,0.26,1
30,21,0.7,5.45,5.47,5.42,-0.05,0.06,1
30,3,0.1,7.05,7.52,6.58,-0.94,0.9,0
21,14,0.67,3.26,3.25,3.27,0.02,0.03,0
21,21,1.0,4.94,4.56,5.32,0.76,0.45,0
14,0,0.0,6.68,7.26,6.1,-1.16,0.78,1
21,19,0.9,4.63,4.34,4.92,0.58,0.5,0
14,6,0.43,4.95,5.0,4.9,-0.1,0.13,0
21,13,0.62,6.21,6.24,6.19,-0.06,0.04,0
14,13,0.93,4.27,3.8,4.74,0.94,1.03,0
30,14,0.47,3.93,3.91,3.96,0.05,0.05,1
30,28,0.93,7.39,7.19,7.59,0.39,0.25,0
14,14,1.0,5.78,5.06,6.51,1.45,1.11,0
30,27,0.9,6.66,6.39,6.92,0.53,0.57,0
30,27,0.9,5.08,4.69,5.47,0.78,0.93,0
30,23,0.77,4.59,4.24,4.93,0.69,0.81,0
30,28,0.93,8.6,7.94,9.25,1.31,1.5,0
21,15,0.71,7.77,7.35,8.2,0.85,0.85,0
21,1,0.05,5.06,5.53,4.58,-0.96,0.84,0
14,7,0.5,5.18,5.22,5.15,-0.07,0.04,0
21,3,0.14,7.42,7.9,6.94,-0.96,0.5,1
14,8,0.57,5.65,5.75,5.56,-0.18,0.24,0
30,9,0.3,7.22,7.45,6.99,-0.46,0.53,1
21,11,0.52,6.99,7.13,6.86,-0.27,0.36,0
30,19,0.63,5.42,5.37,5.48,0.11,0.13,1
30,7,0.23,2.82,3.01,2.62,-0.39,0.44,0
30,16,0.53,5.1,4.87,5.33,0.46,0.64,0
30,23,0.77,7.07,6.61,7.53,0.93,1.03,0
21,6,0.29,4.93,5.29,4.58,-0.71,0.86,1
21,1,0.05,7.01,7.63,6.39,-1.24,1.35,0
21,14,0.67,6.23,6.29,6.17,-0.12,0.08,0
30,23,0.77,3.29,3.24,3.34,0.1,0.13,0
30,24,0.8,8.07,7.61,8.53,0.92,1.0,0
14,1,0.07,4.46,4.94,3.98,-0.96,1.32,1
21,13,0.62,7.81,7.9,7.72,-0.18,0.22,0
21,9,0.43,5.38,5.26,5.49,0.22,0.2,0
30,16,0.53,4.43,4.49,4.36,-0.13,0.18,0
30,20,0.67,4.4,4.09,4.71,0.62,0.76,0
30,4,0.13,7.46,7.91,7.02,-0.88,1.29,1
30,20,0.67,4.97,4.61,5.33,0.72,0.61,0
30,30,1.0,6.88,6.34,7.42,1.08,1.35,0
21,13,0.62,7.15,7.04,7.26,0.22,0.11,1
30,1,0.03,3.41,4.0,2.82,-1.18,0.78,1
21,4,0.19,6.79,7.2,6.39,-0.81,0.64,0
14,5,0.36,7.13,7.07,7.18,0.11,0.15,0
14,11,0.79,6.58,6.24,6.92,0.68,0.69,0
30,9,0.3,6.49,6.46,6.52,0.05,0.05,1
30,10,0.33,7.89,7.83,7.94,0.11,0.14,1
21,7,0.33,7.29,7.56,7.02,-0.54,0.62,0
30,23,0.77,6.15,6.02,6.27,0.26,0.38,0
14,10,0.71,3.36,3.37,3.34,-0.03,0.04,1
14,6,0.43,4.44,4.4,4.49,0.09,0.06,0
14,5,0.36,4.97,5.33,4.61,-0.72,0.39,0
30,1,0.03,6.34,6.87,5.81,-1.06,1.42,1
30,17,0.57,4.72,4.79,4.64,-0.15,0.12,1
14,8,0.57,3.41,3.34,3.48,0.14,0.13,0
14,5,0.36,4.11,4.11,4.11,0.0,0.0,1
14,12,0.86,6.46,6.09,6.83,0.74,0.78,0
30,0,0.0,3.15,3.57,2.73,-0.85,0.63,1
30,7,0.23,7.44,7.79,7.08,-0.72,0.59,0
14,6,0.43,4.1,4.28,3.92,-0.37,0.19,0
21,16,0.76,7.3,7.01,7.59,0.58,0.31,0
14,5,0.36,5.2,5.57,4.84,-0.73,0.49,0
30,17,0.57,3.32,3.04,3.6,0.57,0.66,0
30,13,0.43,7.26,7.18,7.34,0.16,0.21,0
30,24,0.8,5.32,5.18,5.46,0.28,0.16,0
14,7,0.5,6.82,6.58,7.05,0.46,0.26,1
21,17,0.81,3.5,3.35,3.65,0.3,0.42,0
21,20,0.95,5.57,5.02,6.11,1.09,0.97,0
14,10,0.71,7.03,6.6,7.47,0.87,1.08,1
14,5,0.36,7.69,7.64,7.75,0.11,0.14,1
14,4,0.29,6.64,6.83,6.46,-0.37,0.33,0
21,5,0.24,5.59,5.67,5.51,-0.16,0.14,0
30,9,0.3,7.78,7.8,7.76,-0.04,0.05,0
30,20,0.67,4.81,4.87,4.75,-0.12,0.12,0
14,0,0.0,2.48,3.03,1.93,-1.1,1.14,0
21,6,0.29,6.33,6.74,5.91,-0.83,0.7,1
30,27,0.9,6.13,5.56,6.7,1.14,0.82,0
14,1,0.07,3.33,3.91,2.75,-1.16,1.56,0
30,14,0.47,6.4,6.22,6.58,0.36,0.42,1
14,11,0.79,5.96,5.9,6.02,0.12,0.1,0
14,1,0.07,4.21,4.43,4.0,-0.43,0.3,1
21,19,0.9,6.61,6.3,6.91,0.62,0.4,0
21,13,0.62,4.06,3.84,4.27,0.42,0.55,0
30,13,0.43,4.39,4.38,4.39,0.01,0.01,1
21,14,0.67,5.26,5.23,5.29,0.06,0.06,1
30,19,0.63,3.65,3.41,3.9,0.49,0.64,0
14,4,0.29,6.39,6.67,6.11,-0.56,0.68,0
30,20,0.67,3.28,3.16,3.41,0.25,0.23,0
14,8,0.57,4.18,4.3,4.05,-0.25,0.26,0
14,5,0.36,4.62,4.96,4.29,-0.68,0.74,0
14,7,0.5,5.71,5.51,5.92,0.41,0.35,1
14,13,0.93,8.01,7.82,8.2,0.38,0.44,0
14,7,0.5,3.76,3.8,3.73,-0.07,0.07,0
14,11,0.79,6.73,6.66,6.79,0.13,0.07,0
14,1,0.07,4.03,4.32,3.73,-0.59,0.69,1
21,12,0.57,5.44,5.35,5.54,0.19,0.1,0
21,3,0.14,6.15,6.52,5.78,-0.74,0.98,0
21,18,0.86,6.24,5.72,6.76,1.04,1.2,0
30,28,0.93,7.6,7.18,8.03,0.85,0.74,0
30,12,0.4,4.48,4.76,4.2,-0.57,0.56,0
30,0,0.0,5.19,5.51,4.87,-0.64,0.43,1
30,8,0.27,3.98,4.06,3.9,-0.15,0.13,0
14,10,0.71,4.21,4.15,4.27,0.12,0.14,0
21,15,0.71,4.44,4.05,4.82,0.77,1.02,1
14,2,0.14,5.68,5.87,5.49,-0.38,0.42,1
30,4,0.13,3.03,3.28,2.79,-0.49,0.33,0
30,18,0.6,6.1,6.19,6.01,-0.18,0.22,0
14,3,0.21,4.71,5.25,4.18,-1.06,1.46,1
21,19,0.9,4.08,3.71,4.44,0.73,0.92,0
30,8,0.27,3.51,3.84,3.19,-0.65,0.93,0
14,3,0.21,4.79,4.89,4.69,-0.2,0.11,0
30,21,0.7,5.47,5.1,5.85,0.75,0.45,0
30,19,0.63,3.19,3.2,3.18,-0.02,0.02,1
21,21,1.0,4.1,3.65,4.55,0.9,1.19,0
30,20,0.67,5.36,5.16,5.57,0.41,0.57,0
21,7,0.33,7.53,7.69,7.38,-0.32,0.4,1
30,29,0.97,7.18,6.81,7.54,0.74,0.44,0
21,7,0.33,7.59,7.55,7.63,0.08,0.09,0
21,6,0.29,2.69,3.03,2.36,-0.67,0.34,0
30,0,0.0,4.52,4.88,4.17,-0.71,0.92,1
14,2,0.14,4.73,5.13,4.33,-0.8,0.61,1
30,11,0.37,5.68,6.06,5.3,-0.76,0.68,1
30,25,0.83,6.28,5.79,6.78,0.99,1.05,0
21,18,0.86,4.98,4.72,5.23,0.51,0.63,0
30,3,0.1,6.37,6.74,5.99,-0.75,0.9,1
14,8,0.57,5.16,5.0,5.31,0.3,0.32,0
30,1,0.03,3.1,3.8,2.41,-1.4,0.71,1
14,7,0.5,7.66,7.63,7.69,0.06,0.04,1
14,9,0.64,3.39,3.19,3.59,0.4,0.6,0
30,9,0.3,6.31,6.56,6.06,-0.5,0.72,0
30,15,0.5,5.34,5.19,5.49,0.3,0.35,0
21,6,0.29,2.9,3.17,2.64,-0.53,0.54,1
14,10,0.71,3.52,3.18,3.87,0.69,0.34,1
21,12,0.57,4.89,4.77,5.01,0.25,0.27,0
30,22,0.73,3.78,3.34,4.22,0.88,0.69,0
30,11,0.37,4.45,4.74,4.16,-0.58,0.42,0
21,12,0.57,6.07,5.87,6.26,0.38,0.35,1
14,8,0.57,4.32,4.47,4.17,-0.3,0.4,0
30,26,0.87,7.46,6.97,7.95,0.98,0.93,0
21,7,0.33,6.39,6.79,5.99,-0.79,0.76,1
30,27,0.9,3.73,3.14,4.32,1.18,0.67,0
14,10,0.71,6.57,6.51,6.63,0.13,0.12,0
30,0,0.0,6.12,6.5,5.74,-0.76,0.6,1
30,26,0.87,5.05,4.71,5.39,0.68,0.46,0
14,14,1.0,6.53,5.87,7.19,1.32,1.64,0
14,7,0.5,6.82,6.69,6.95,0.27,0.2,1
14,3,0.21,6.72,7.17,6.27,-0.91,0.78,0
14,14,1.0,3.66,3.39,3.94,0.54,0.54,0
30,30,1.0,3.72,3.21,4.23,1.02,1.14,0
30,27,0.9,4.93,4.37,5.49,1.12,1.41,0
21,7,0.33,6.77,6.75,6.79,0.04,0.04,0
30,1,0.03,5.1,5.51,4.69,-0.83,0.98,1
14,11,0.79,5.97,5.59,6.35,0.76,0.38,0
21,18,0.86,3.93,3.5,4.36,0.85,1.16,0
21,7,0.33,3.95,4.35,3.56,-0.79,0.67,1
21,6,0.29,4.76,5.1,4.41,-0.68,0.59,1
21,5,0.24,5.36,5.86,4.85,-1.0,1.19,0
30,8,0.27,6.76,7.02,6.5,-0.52,0.71,1
30,4,0.13,5.24,5.36,5.12,-0.24,0.22,1
30,16,0.53,5.8,5.67,5.92,0.25,0.25,1
30,1,0.03,4.43,4.99,3.87,-1.12,0.63,0
21,20,0.95,3.81,3.48,4.14,0.66,0.5,0
30,29,0.97,7.59,7.05,8.14,1.09,0.99,0
30,30,1.0,6.49,6.03,6.95,0.92,1.06,0
21,11,0.52,4.64,4.63,4.66,0.04,0.05,0
14,6,0.43,6.02,6.07,5.96,-0.11,0.16,0
30,25,0.83,8.02,7.64,8.39,0.74,0.83,0
14,1,0.07,3.52,3.81,3.22,-0.59,0.48,1
21,19,0.9,6.74,6.22,7.26,1.04,0.98,0
21,18,0.86,5.99,5.6,6.37,0.76,0.51,0
14,11,0.79,4.58,4.17,4.99,0.82,1.02,0
14,2,0.14,4.83,4.99,4.68,-0.31,0.45,1
14,0,0.0,6.34,6.85,5.83,-1.02,1.53,1
30,4,0.13,2.84,3.42,2.26,-1.16,1.04,1
30,9,0.3,5.2,5.22,5.19,-0.03,0.03,1
14,10,0.71,4.79,4.78,4.8,0.01,0.02,0
30,29,0.97,4.86,4.36,5.35,0.99,1.45,0
14,9,0.64,6.07,5.99,6.14,0.15,0.18,0
30,20,0.67,6.46,6.2,6.72,0.52,0.44,0
14,7,0.5,4.58,4.54,4.63,0.09,0.06,1
30,26,0.87,7.34,6.79,7.89,1.1,0.86,0
30,29,0.97,5.8,5.46,6.14,0.68,0.54,0
21,19,0.9,4.81,4.16,5.46,1.3,1.14,0
30,13,0.43,5.08,4.97,5.18,0.2,0.25,0
21,7,0.33,4.19,4.31,4.06,-0.26,0.19,0
30,25,0.83,6.92,6.47,7.36,0.89,1.03,0
21,13,0.62,4.27,3.94,4.61,0.67,0.43,1
21,19,0.9,5.57,5.26,5.87,0.61,0.6,0
14,0,0.0,7.59,7.85,7.33,-0.52,0.77,1
14,11,0.79,5.72,5.19,6.26,1.06,0.63,1
14,5,0.36,4.82,5.1,4.53,-0.57,0.57,1
30,25,0.83,3.7,3.16,4.25,1.09,1.36,0
21,12,0.57,3.44,3.36,3.53,0.17,0.12,0
21,0,0.0,2.98,3.61,2.34,-1.27,0.95,0
21,7,0.33,6.75,6.69,6.82,0.13,0.13,0
30,21,0.7,8.12,7.91,8.34,0.43,0.5,0
21,5,0.24,6.11,6.15,6.08,-0.07,0.09,0
21,15,0.71,6.56,6.19,6.92,0.73,1.01,0
14,1,0.07,3.78,4.18,3.39,-0.79,0.41,0
30,3,0.1,4.71,4.98,4.44,-0.54,0.8,1
30,15,0.5,6.61,6.44,6.79,0.35,0.44,1
21,2,0.1,6.11,6.43,5.78,-0.65,0.95,0
14,0,0.0,4.45,4.78,4.12,-0.65,0.68,1
21,7,0.33,4.39,4.58,4.19,-0.39,0.45,1
21,6,0.29,2.95,3.11,2.8,-0.31,0.38,1
14,7,0.5,6.5,6.53,6.47,-0.06,0.06,0
30,5,0.17,5.47,5.72,5.23,-0.49,0.47,0
30,29,0.97,7.94,7.3,8.58,1.27,1.31,0
21,17,0.81,5.39,4.84,5.95,1.12,1.27,0
14,14,1.0,3.42,3.09,3.74,0.64,0.82,0
30,2,0.07,5.84,6.29,5.39,-0.91,0.8,1
21,17,0.81,4.19,3.77,4.61,0.84,0.76,0
14,8,0.57,6.59,6.29,6.89,0.6,0.86,1
14,3,0.21,3.4,3.54,3.27,-0.26,0.14,0
21,21,1.0,5.89,5.45,6.33,0.88,0.96,0
14,9,0.64,6.98,6.59,7.36,0.77,1.1,0
14,7,0.5,7.22,7.01,7.44,0.44,0.46,0
21,11,0.52,7.22,6.97,7.46,0.49,0.55,0
30,2,0.07,6.95,7.17,6.73,-0.44,0.32,1
14,11,0.79,4.5,4.16,4.84,0.69,0.48,0
30,20,0.67,7.87,7.74,8.01,0.27,0.29,0
30,18,0.6,4.91,4.79,5.03,0.24,0.28,0
14,12,0.86,4.31,3.9,4.71,0.81,0.68,0
30,14,0.47,7.43,7.67,7.2,-0.47,0.49,0
21,13,0.62,6.97,6.82,7.13,0.31,0.38,0
30,17,0.57,4.0,4.07,3.94,-0.13,0.19,1
21,14,0.67,8.22,7.8,8.63,0.83,0.45,0
14,8,0.57,3.55,3.68,3.43,-0.25,0.13,0
14,13,0.93,4.87,4.57,5.16,0.59,0.85,0
30,16,0.53,5.6,5.78,5.42,-0.36,0.24,1
21,4,0.19,3.45,3.69,3.21,-0.49,0.53,1
21,2,0.1,5.41,5.85,4.97,-0.88,0.63,1
21,15,0.71,3.92,3.86,3.97,0.1,0.12,0
14,9,0.64,6.59,6.21,6.96,0.75,0.98,0
14,14,1.0,7.43,6.85,8.01,1.15,1.52,0
14,13,0.93,7.16,6.85,7.46,0.61,0.82,0
30,24,0.8,6.68,6.16,7.21,1.05,1.07,0
30,4,0.13,4.17,4.63,3.7,-0.93,0.61,0
21,14,0.67,6.89,6.76,7.02,0.26,0.15,0
21,4,0.19,3.56,3.66,3.46,-0.2,0.22,1
21,8,0.38,3.31,3.43,3.19,-0.24,0.31,1
14,7,0.5,5.8,5.8,5.81,0.01,0.01,1
30,23,0.77,6.02,5.62,6.41,0.79,0.61,0
30,29,0.97,6.54,5.88,7.2,1.32,1.21,0
14,5,0.36,4.5,4.72,4.28,-0.44,0.56,1
21,19,0.9,7.36,7.11,7.61,0.51,0.57,0
14,3,0.21,6.31,6.43,6.2,-0.23,0.28,1
30,1,0.03,3.69,4.22,3.16,-1.05,0.68,0
21,0,0.0,4.06,4.72,3.41,-1.3,1.05,1
21,6,0.29,6.63,6.7,6.56,-0.14,0.15,0
30,15,0.5,5.87,6.12,5.62,-0.49,0.59,0
21,18,0.86,7.87,7.53,8.22,0.69,0.52,1
14,12,0.86,6.95,6.48,7.43,0.94,0.91,0
14,6,0.43,6.15,6.3,6.0,-0.31,0.43,1
14,0,0.0,3.77,4.46,3.08,-1.38,1.23,0
30,22,0.73,3.82,3.5,4.15,0.65,0.89,0
14,3,0.21,5.24,5.5,4.97,-0.53,0.76,1
14,14,1.0,6.23,5.65,6.81,1.17,1.04,0
21,21,1.0,5.2,4.76,5.63,0.87,0.64,0
30,8,0.27,6.76,7.06,6.47,-0.59,0.82,0
14,8,0.57,7.95,7.75,8.16,0.42,0.35,0
14,1,0.07,6.21,6.65,5.77,-0.88,1.03,0
30,7,0.23,4.78,5.09,4.48,-0.61,0.56,1
30,10,0.33,5.26,5.25,5.28,0.03,0.04,0
30,25,0.83,4.53,4.01,5.04,1.03,1.22,0
14,6,0.43,7.67,7.98,7.36,-0.62,0.4,0
14,5,0.36,3.18,3.34,3.02,-0.32,0.39,1
14,11,0.79,3.52,3.15,3.9,0.75,1.11,0
21,14,0.67,6.73,6.73,6.74,0.01,0.01,0
14,12,0.86,4.48,3.94,5.02,1.08,0.57,0
30,8,0.27,5.74,6.03,5.45,-0.58,0.63,1
14,5,0.36,3.11,3.4,2.83,-0.57,0.36,0
21,20,0.95,5.15,4.87,5.42,0.55,0.55,0
14,3,0.21,2.74,3.16,2.33,-0.84,0.43,1
21,7,0.33,6.3,6.71,5.89,-0.82,1.03,1
21,19,0.9,5.94,5.45,6.43,0.98,0.94,0
21,1,0.05,5.43,6.04,4.81,-1.23,1.5,1
30,18,0.6,6.06,5.97,6.14,0.17,0.24,0
30,3,0.1,4.69,5.26,4.13,-1.13,0.61,0
30,17,0.57,4.93,4.98,4.88,-0.1,0.11,0
30,30,1.0,3.85,3.25,4.46,1.21,1.09,0
21,14,0.67,4.1,3.83,4.37,0.54,0.76,0
14,7,0.5,7.17,7.15,7.2,0.05,0.06,1
30,30,1.0,7.95,7.47,8.43,0.95,0.85,0
14,2,0.14,4.71,5.27,4.16,-1.11,1.55,0
14,4,0.29,4.33,4.62,4.04,-0.58,0.7,1
30,3,0.1,2.95,3.46,2.45,-1.01,1.14,1
30,12,0.4,6.3,6.63,5.96,-0.68,0.75,1
30,12,0.4,3.28,3.22,3.35,0.13,0.11,0
14,2,0.14,7.15,7.34,6.95,-0.39,0.48,1
21,14,0.67,4.77,4.44,5.1,0.65,0.91,0
14,9,0.64,7.21,6.83,7.6,0.77,0.77,0
14,9,0.64,7.69,7.41,7.96,0.55,0.6,0
21,14,0.67,3.51,3.4,3.63,0.23,0.17,0
30,20,0.67,5.79,5.79,5.8,0.01,0.0,1
30,11,0.37,2.87,3.18,2.56,-0.62,0.72,0
21,10,0.48,7.8,7.6,8.01,0.4,0.37,1
30,9,0.3,5.76,6.06,5.46,-0.59,0.65,0
14,7,0.5,6.82,6.75,6.89,0.14,0.07,0
21,11,0.52,7.35,7.49,7.22,-0.27,0.34,0
14,4,0.29,5.33,5.35,5.3,-0.05,0.07,1
21,16,0.76,4.46,4.05,4.86,0.81,0.45,0
30,16,0.53,7.98,7.94,8.02,0.08,0.1,0
30,9,0.3,4.76,5.14,4.39,-0.75,0.57,0
30,11,0.37,7.45,7.64,7.25,-0.38,0.38,0
21,15,0.71,7.06,7.04,7.08,0.04,0.03,0
14,0,0.0,3.11,3.59,2.63,-0.96,1.25,0
14,12,0.86,6.48,6.08,6.88,0.8,0.44,0
30,6,0.2,2.91,3.06,2.76,-0.3,0.24,0
21,9,0.43,5.55,5.53,5.57,0.03,0.02,0
21,12,0.57,6.64,6.62,6.65,0.03,0.01,1
21,10,0.48,7.6,7.61,7.58,-0.03,0.03,1
14,7,0.5,3.8,3.78,3.82,0.04,0.05,0
21,13,0.62,7.98,7.64,8.32,0.68,0.7,0
30,10,0.33,5.85,5.78,5.92,0.15,0.16,1
21,2,0.1,7.55,7.85,7.26,-0.59,0.31,0
30,17,0.57,7.24,7.21,7.27,0.06,0.06,0
21,10,0.48,6.64,6.55,6.73,0.18,0.11,0
21,14,0.67,7.41,7.15,7.68,0.53,0.54,1
21,1,0.05,6.23,6.89,5.57,-1.32,1.24,1
21,16,0.76,4.11,3.77,4.45,0.68,0.67,0
21,10,0.48,3.51,3.72,3.3,-0.42,0.55,0
30,4,0.13,3.89,4.03,3.76,-0.27,0.24,0
14,0,0.0,4.28,4.55,4.01,-0.54,0.73,0
21,14,0.67,7.81,7.45,8.18,0.73,0.92,0
14,9,0.64,6.87,6.79,6.94,0.15,0.1,1
21,8,0.38,5.41,5.66,5.15,-0.51,0.6,1
14,4,0.29,3.13,3.57,2.69,-0.89,0.94,1
30,11,0.37,5.73,5.75,5.71,-0.04,0.05,0
30,7,0.23,3.68,3.86,3.51,-0.34,0.48,0
14,2,0.14,2.59,3.14,2.03,-1.12,0.62,1
14,6,0.43,4.79,4.96,4.61,-0.35,0.48,0
30,22,0.73,5.53,5.23,5.84,0.61,0.51,0
30,25,0.83,5.76,5.67,5.86,0.19,0.24,0
14,1,0.07,6.43,7.06,5.79,-1.28,1.24,1
30,20,0.67,6.74,6.55,6.92,0.37,0.27,0
30,8,0.27,7.38,7.56,7.21,-0.36,0.43,0
21,14,0.67,5.82,5.44,6.21,0.77,0.47,0
14,4,0.29,6.57,6.84,6.31,-0.53,0.33,1
30,25,0.83,3.84,3.53,4.15,0.61,0.35,0
21,12,0.57,6.15,5.95,6.36,0.4,0.3,1
21,12,0.57,3.55,3.33,3.76,0.43,0.52,0
21,18,0.86,7.27,6.94,7.61,0.67,0.49,0
14,11,0.79,7.9,7.65,8.15,0.5,0.49,0
21,10,0.48,5.59,5.78,5.41,-0.37,0.25,0
14,9,0.64,3.53,3.54,3.52,-0.03,0.04,0
21,20,0.95,6.96,6.3,7.62,1.31,1.73,0
30,25,0.83,3.51,3.0,4.02,1.02,0.66,0
